{
  "storyPrompt": "You are late to the Platanus 2025 Hackathon and are on the sidewalk outside of the 18 story building it is being held in. The entire crowd of hackers is already in the demo hall on that floor and they are announcing the themes. You forgot your badge at home. How will you get up there?",
  "storyGoal": "Make it to the demo hall, with a badge you found in the planter in the elevator lobby. Be sure to pick up the gold ring from the sidewalk outside the building -you will need to bribe the security guard to not check your id.",
  "globalStyle": "Batman Returns style filmography, bold colors, bright lights and neon, ultra coherent series look. Photorealistic with subtle filmic grading, consistent lens and color palette. ",
  "assetBase": "",
  "imgExt": "jpg",
  "start": "sidewalk-outside",
  "scenes": [
    {
      "id": "sidewalk-outside",
      "kind": "base",
      "title": "The Sidewalk",
      "description": "You stand outside the towering Platanus Building. It is raining heavily, the water mixing with steam rising from the manholes. Neon lights from the city reflect on the wet pavement. You are late. The entrance is to the North. Something glitters in a puddle near your feet.",
      "image_prompt": "360 panorama, Batman Returns style, dark gothic city street at night, heavy rain, steam rising from vents, neon blue and pink signs reflecting in wet pavement, towering art deco skyscraper entrance to the North. East is forward.",
      "actions": [
        {
          "type": "move",
          "cmd": "north",
          "label": "Enter Building",
          "successor": "lobby-main"
        },
        {
          "type": "look",
          "cmd": "look down",
          "label": "Inspect Puddle",
          "overlayScene": "sidewalk-puddle"
        }
      ]
    },
    {
      "id": "sidewalk-puddle",
      "kind": "overlay",
      "title": "Street Gutter",
      "description": "The rain ripples in the dark, oily water. A heavy gold ring sits half-submerged in the muck.",
      "image_prompt": "Close up, cinematic shot, top down view of a rain puddle on concrete, a shiny gold ring sitting in the water, neon reflections, high contrast, film grain, Batman Returns aesthetic.",
      "parentScene": "sidewalk-outside",
      "actions": [
        {
          "type": "interact",
          "cmd": "take ring",
          "label": "Take Gold Ring",
          "givesItem": "gold-ring",
          "hiddenIfHas": [
            "gold-ring"
          ]
        },
        {
          "type": "move",
          "cmd": "back",
          "label": "Stand Up",
          "closeOverlayOnSuccess": true
        }
      ]
    },
    {
      "id": "lobby-main",
      "kind": "base",
      "title": "Grand Lobby",
      "description": "The lobby is cavernous and cold, decorated in black marble and brass. To the North are the golden elevator doors, currently guarded. To the West is a security desk where a stern guard sits. To the East, a large decorative planter looks slightly overturned.",
      "image_prompt": "360 panorama, interior of a grand art deco lobby, black marble floors, brass fixtures, dim atmospheric lighting, large golden elevator doors to the North, security desk to the West, large concrete planter with synthetic ferns to the East. Batman Returns style.",
      "actions": [
        {
          "type": "move",
          "cmd": "south",
          "label": "Exit Building",
          "successor": "sidewalk-outside"
        },
        {
          "type": "look",
          "cmd": "look guard",
          "label": "Approach Guard",
          "overlayScene": "guard-station"
        },
        {
          "type": "look",
          "cmd": "look planter",
          "label": "Inspect Planter",
          "overlayScene": "lobby-planter"
        },
        {
          "type": "move",
          "cmd": "north",
          "label": "Enter Elevator",
          "successor": "elevator-interior",
          "requiredItems": [
            "elevator-pass"
          ]
        }
      ]
    },
    {
      "id": "lobby-planter",
      "kind": "overlay",
      "title": "Decorative Planter",
      "description": "The synthetic ferns are dusty. Buried slightly in the soil is a plastic badge on a lanyard. It must have been dropped by a rushing hacker.",
      "image_prompt": "Close up, plastic fake ferns in a concrete planter, a white hackathon badge on a black lanyard resting on the dirt, moody lighting, shallow depth of field.",
      "parentScene": "lobby-main",
      "actions": [
        {
          "type": "interact",
          "cmd": "take badge",
          "label": "Take Badge",
          "givesItem": "hackathon-badge",
          "hiddenIfHas": [
            "hackathon-badge"
          ]
        },
        {
          "type": "move",
          "cmd": "back",
          "label": "Step Back",
          "closeOverlayOnSuccess": true
        }
      ]
    },
    {
      "id": "guard-station",
      "kind": "overlay",
      "title": "Security Desk",
      "description": "The guard looks bored but obstructive. He taps his fingers on the desk. 'ID or get out,' he grumbles. He eyes your hands, looking for something of value.",
      "image_prompt": "Close up, low angle, grumpy security guard face, shadowed eyes, wearing a peaked cap, dark uniform, art deco background details, cinematic dramatic lighting.",
      "parentScene": "lobby-main",
      "actions": [
        {
          "type": "interact",
          "cmd": "bribe guard",
          "label": "Bribe with Ring",
          "requiredItems": [
            "gold-ring"
          ],
          "givesItem": "elevator-pass",
          "hiddenIfHas": [
            "elevator-pass"
          ]
        },
        {
          "type": "move",
          "cmd": "back",
          "label": "Leave Desk",
          "closeOverlayOnSuccess": true
        }
      ]
    },
    {
      "id": "elevator-interior",
      "kind": "base",
      "title": "The Elevator",
      "description": "You are inside the golden elevator. Mirrors cover every surface, creating an infinite reflection of your anxious face. The button for the 18th Floor glows faintly.",
      "image_prompt": "360 panorama, inside a small elevator, walls are mirrors and brass, infinite reflections, claustrophobic but fancy, button panel with glowing numbers. East is forward.",
      "actions": [
        {
          "type": "move",
          "cmd": "south",
          "label": "Return to Lobby",
          "successor": "lobby-main"
        },
        {
          "type": "move",
          "cmd": "up",
          "label": "Press Floor 18",
          "successor": "floor-18"
        }
      ]
    },
    {
      "id": "floor-18",
      "kind": "base",
      "title": "18th Floor Hallway",
      "description": "The elevator opens to a sleek, industrial hallway. You can hear the hum of servers and the murmur of the crowd to the North. A digital scanner blocks the double doors to the Demo Hall.",
      "image_prompt": "360 panorama, industrial gothic hallway, exposed pipes, steam, neon signage pointing North saying 'PLATANUS Hack 2025', heavy metal double doors with a red laser scanner. East is forward.",
      "actions": [
        {
          "type": "move",
          "cmd": "south",
          "label": "Back to Elevator",
          "successor": "elevator-interior"
        },
        {
          "type": "move",
          "cmd": "north",
          "label": "Scan Badge & Enter",
          "successor": "demo-hall-win",
          "requiredItems": [
            "hackathon-badge"
          ]
        }
      ],
      "videoUrl": ""
    },
    {
      "id": "demo-hall-win",
      "kind": "base",
      "title": "Demo Hall - Victory",
      "description": "You made it! The doors slide open to reveal a massive hall filled with hackers, bright screens, and the energy of innovation. You clutch your found badge. You are ready to hack.",
      "image_prompt": "360 panorama, massive warehouse style room filled with rows of desks, hundreds of people with laptops, giant screens displaying code, confetti in the air, bright spotlight beams, cinematic teal and orange grading, celebratory atmosphere.",
      "actions": []
    }
  ],

  "suggestedName": "platanus_midnight_run"
}