{
  "storyPrompt": "Poor Mr schnibbles buried his magical treats all over the yard and can't find them! He has broken his nose and is wearing a bandage. ",
  "storyGoal": "FInd all five of his magical treats and bring them back to Mr. Schnibbles.",
  "globalStyle": "looney tunes style animation, bold colors, filmic aged look",
  "assetBase": "./assets",
  "imgExt": "png",
  "start": "back-porch",
  "scenes": [
    {
      "id": "back-porch",
      "kind": "base",
      "title": "The Back Porch",
      "description": "You stand on a creaky wooden porch. The sun is shining with exaggerated rays. Mr. Schnibbles sits here, whimpering with a bandage on his nose. To the North is the Garden. To the East is the Tool Shed.",
      "image_prompt": "looney tunes style animation, bold colors, filmic aged look, wide angle fisheye 360 panorama, wooden back porch of a cartoon house, a sad dog with a bandaged nose sitting in the center, green grass visible in distance. East is forward.",
      "actions": [
        {
          "type": "move",
          "cmd": "north",
          "label": "Go to Garden",
          "successor": "garden"
        },
        {
          "type": "move",
          "cmd": "east",
          "label": "Go to Shed",
          "successor": "tool-shed"
        },
        {
          "type": "look",
          "cmd": "look schnibbles",
          "label": "Talk to Mr. Schnibbles",
          "overlayScene": "schnibbles-close"
        },
        {
          "type": "look",
          "cmd": "look mat",
          "label": "Check Doormat",
          "overlayScene": "doormat-close"
        }
      ]
    },
    {
      "id": "schnibbles-close",
      "kind": "overlay",
      "title": "Mr. Schnibbles",
      "description": "He looks pathetic. 'My nose is busted!' he barks. 'I buried 5 magical treats, but I can't smell them! Please find them!'",
      "image_prompt": "looney tunes style animation, bold colors, filmic aged look, close up extreme face of a dog with a large white medical bandage on his nose, sad puppy eyes, cartoon style.",
      "parentScene": "back-porch",
      "actions": [
        {
          "type": "move",
          "cmd": "back",
          "label": "I'll find them!",
          "closeOverlayOnSuccess": true
        },
        {
          "type": "move",
          "cmd": "win game",
          "label": "Give All 5 Treats!",
          "successor": "victory-scene",
          "requiredItems": [
            "sparkle-bone",
            "glowing-biscuit",
            "levitating-jerky",
            "invisible-sausage",
            "hyper-chew"
          ]
        }
      ]
    },
    {
      "id": "doormat-close",
      "kind": "overlay",
      "title": "Under the Doormat",
      "description": "You lift the 'Welcome' mat. There is a bone here that is literally sparkling.",
      "image_prompt": "looney tunes style animation, bold colors, filmic aged look, close up of a dirty doormat lifted up to reveal a sparkling cartoon bone underneath.",
      "parentScene": "back-porch",
      "actions": [
        {
          "type": "interact",
          "cmd": "take bone",
          "label": "Take Sparkle Bone",
          "givesItem": "sparkle-bone",
          "hiddenIfHas": [
            "sparkle-bone"
          ]
        },
        {
          "type": "move",
          "cmd": "back",
          "label": "Back",
          "closeOverlayOnSuccess": true
        }
      ]
    },
    {
      "id": "tool-shed",
      "kind": "base",
      "title": "The Tool Shed",
      "description": "A chaotic shed filled with Acme brand explosives and gardening tools. A workbench sits against the wall.",
      "image_prompt": "looney tunes style animation, bold colors, filmic aged look, 360 panorama, interior of a wooden shed, rake, hoe, lawnmower with a face, workbench cluttered with items. East is forward.",
      "actions": [
        {
          "type": "move",
          "cmd": "west",
          "label": "Back to Porch",
          "successor": "back-porch"
        },
        {
          "type": "look",
          "cmd": "look bench",
          "label": "Inspect Workbench",
          "overlayScene": "shed-bench"
        }
      ]
    },
    {
      "id": "shed-bench",
      "kind": "overlay",
      "title": "Workbench",
      "description": "Amidst the nuts and bolts, you see a sturdy shovel and a biscuit that is emitting a strange green glow.",
      "image_prompt": "looney tunes style animation, bold colors, filmic aged look, close up of a wooden workbench, a red cartoon shovel, and a glowing green dog biscuit.",
      "parentScene": "tool-shed",
      "actions": [
        {
          "type": "interact",
          "cmd": "take shovel",
          "label": "Take Shovel",
          "givesItem": "cartoon-shovel",
          "hiddenIfHas": [
            "cartoon-shovel"
          ]
        },
        {
          "type": "interact",
          "cmd": "take biscuit",
          "label": "Take Glowing Biscuit",
          "givesItem": "glowing-biscuit",
          "hiddenIfHas": [
            "glowing-biscuit"
          ]
        },
        {
          "type": "move",
          "cmd": "back",
          "label": "Back",
          "closeOverlayOnSuccess": true
        }
      ]
    },
    {
      "id": "garden",
      "kind": "base",
      "title": "The Garden",
      "description": "A vibrant garden with singing flowers (currently on break). There is a bubbling fountain in the center. To the West is a Big Tree.",
      "image_prompt": "looney tunes style animation, bold colors, filmic aged look, 360 panorama, bright garden, oversized flowers, stone fountain with water, bright blue sky. East is forward.",
      "actions": [
        {
          "type": "move",
          "cmd": "south",
          "label": "Back to Porch",
          "successor": "back-porch"
        },
        {
          "type": "move",
          "cmd": "west",
          "label": "Go to Big Tree",
          "successor": "big-tree"
        },
        {
          "type": "look",
          "cmd": "look fountain",
          "label": "Inspect Fountain",
          "overlayScene": "fountain-close"
        }
      ]
    },
    {
      "id": "fountain-close",
      "kind": "overlay",
      "title": "The Fountain",
      "description": "The water bubbles comically. Floating on the surface is a piece of beef jerky that is hovering slightly above the water.",
      "image_prompt": "looney tunes style animation, bold colors, filmic aged look, close up of a stone birdbath fountain, water rippling, a piece of meat hovering in mid-air above the water.",
      "parentScene": "garden",
      "actions": [
        {
          "type": "interact",
          "cmd": "take jerky",
          "label": "Grab Levitating Jerky",
          "givesItem": "levitating-jerky",
          "hiddenIfHas": [
            "levitating-jerky"
          ]
        },
        {
          "type": "move",
          "cmd": "back",
          "label": "Leave",
          "closeOverlayOnSuccess": true
        }
      ]
    },
    {
      "id": "big-tree",
      "kind": "base",
      "title": "The Big Oak Tree",
      "description": "A massive tree dominates the yard. Mr. Schnibbles' doghouse is here. There is a suspicious mound of loose dirt near the roots.",
      "image_prompt": "looney tunes style animation, bold colors, filmic aged look, 360 panorama, giant oak tree trunk, red doghouse, pile of loose fresh dirt on the ground. East is forward.",
      "actions": [
        {
          "type": "move",
          "cmd": "east",
          "label": "Go to Garden",
          "successor": "garden"
        },
        {
          "type": "look",
          "cmd": "look doghouse",
          "label": "Inspect Doghouse",
          "overlayScene": "doghouse-interior"
        },
        {
          "type": "look",
          "cmd": "look dirt",
          "label": "Inspect Dirt Mound",
          "overlayScene": "dirt-mound"
        }
      ]
    },
    {
      "id": "doghouse-interior",
      "kind": "overlay",
      "title": "Inside the Doghouse",
      "description": "It's cozy in here. On the pillow, you see... well, you don't see much, but there is a sausage wrapper and a faint outline of a sausage.",
      "image_prompt": "looney tunes style animation, bold colors, filmic aged look, close up view inside a wooden doghouse, a pillow, and a semi-transparent ghost-like sausage.",
      "parentScene": "big-tree",
      "actions": [
        {
          "type": "interact",
          "cmd": "take sausage",
          "label": "Take Invisible Sausage",
          "givesItem": "invisible-sausage",
          "hiddenIfHas": [
            "invisible-sausage"
          ]
        },
        {
          "type": "move",
          "cmd": "back",
          "label": "Exit",
          "closeOverlayOnSuccess": true
        }
      ]
    },
    {
      "id": "dirt-mound",
      "kind": "overlay",
      "title": "Suspicious Dirt",
      "description": "A fresh pile of dirt. X marks the spot, literally. There is a big red 'X' painted on it.",
      "image_prompt": "looney tunes style animation, bold colors, filmic aged look, close up of a pile of brown dirt with a red X painted on top.",
      "parentScene": "big-tree",
      "actions": [
        {
          "type": "interact",
          "cmd": "dig",
          "label": "Dig with Shovel",
          "requiredItems": [
            "cartoon-shovel"
          ],
          "hiddenIfHas": [
            "hyper-chew"
          ],
          "givesItem": "hyper-chew"
        },
        {
          "type": "move",
          "cmd": "back",
          "label": "Back",
          "closeOverlayOnSuccess": true
        }
      ]
    },
    {
      "id": "victory-scene",
      "kind": "base",
      "title": "Victory!",
      "description": "Mr. Schnibbles is overjoyed! He eats all the magical treats at once and begins to float, glow, and sparkle. You saved the day!",
      "image_prompt": "looney tunes style animation, bold colors, filmic aged look, 360 panorama, party confetti falling, a happy dog floating in the air surrounded by sparkles, text 'That's all folks!' written in clouds. East is forward.",
      "actions": []
    }
  ],
  "geminiKey": "AIzaSyDIC3nHLKlMGtNI_Dk7P77hc1BDsCm2vWc",
  "suggestedName": "schnibbles_treasure_hunt"
}