{
  "storyPrompt": "A warrior cat game following the theme of the Warrior cats series. This takes place in Riverclan territory - the medicine cat has lost his special herb and you have to help her find it!",
  "storyGoal": "Travel to find the herb and bring it back to the medicine cat.",
  "globalStyle": "Equirectangular 360° panorama, ultra coherent series look.\nsubtle ethereal style cartoon, ink drawings with watercolor",
  "assetBase": "./assets",
  "imgExt": "png",
  "start": "medicine-den",
  "scenes": [
    {
      "id": "medicine-den",
      "kind": "base",
      "title": "Medicine Cat's Den",
      "description": "You are inside a cool, sandy den beneath the roots of a great willow tree. The air smells of dried thyme and comfrey. Dappledleaf, the medicine cat, is pacing anxiously near her store of herbs.",
      "image_prompt": "Equirectangular 360° panorama, ultra coherent series look, subtle ethereal style cartoon, ink drawings with watercolor. Interior of a den under tree roots, woven reeds, dried herbs hanging from roots, filtered light coming from entrance. East is forward.",
      "actions": [
        {
          "type": "look",
          "cmd": "talk dappledleaf",
          "label": "Talk to Dappledleaf",
          "overlayScene": "dappledleaf-dialogue"
        },
        {
          "type": "move",
          "cmd": "north",
          "label": "Exit to Camp",
          "successor": "riverclan-camp"
        },
        {
          "type": "look",
          "cmd": "give herb",
          "label": "Give Catmint to Dappledleaf",
          "overlayScene": "win-scene"
        }
      ]
    },
    {
      "id": "dappledleaf-dialogue",
      "kind": "overlay",
      "title": "Dappledleaf's Request",
      "description": "Dappledleaf looks at you with wide, amber eyes. 'Thank StarClan you're here! Greypaw has a terrible cough, and I am out of Catmint. It only grows in the abandoned Twoleg garden across the river. Please, cross the Stepping Stones and bring some back before nightfall!'",
      "image_prompt": "Close up 2D image, subtle ethereal style cartoon, ink drawings with watercolor. A tortoiseshell she-cat with a worried expression, background of dried herbs and sandy den walls.",
      "actions": [
        {
          "type": "look",
          "cmd": "back",
          "label": "I'll find it!",
          "closeOverlayOnSuccess": true
        }
      ]
    },
    {
      "id": "riverclan-camp",
      "kind": "base",
      "title": "RiverClan Camp",
      "description": "The camp is bustling with activity. Sleek, well-fed cats share tongues on sun-warmed rocks. To the South lies the Medicine Den. To the North, the reed tunnel leads out to the river.",
      "image_prompt": "Equirectangular 360° panorama, ultra coherent series look, subtle ethereal style cartoon, ink drawings with watercolor. A clearing surrounded by tall reeds and willow trees, river stones, cats lounging. East is forward.",
      "actions": [
        {
          "type": "move",
          "cmd": "south",
          "label": "Enter Medicine Den",
          "successor": "medicine-den"
        },
        {
          "type": "move",
          "cmd": "north",
          "label": "Go to Riverbank",
          "successor": "riverbank"
        }
      ]
    },
    {
      "id": "riverbank",
      "kind": "base",
      "title": "The Riverbank",
      "description": "The river flows swiftly here, shimmering under the sun. Tall reeds sway in the breeze. To the North, a line of slippery stones creates a path across the water.",
      "image_prompt": "Equirectangular 360° panorama, ultra coherent series look, subtle ethereal style cartoon, ink drawings with watercolor. Wide river bank, rushing blue water, tall green reeds, willow branches dipping into water. East is forward.",
      "actions": [
        {
          "type": "move",
          "cmd": "south",
          "label": "Back to Camp",
          "successor": "riverclan-camp"
        },
        {
          "type": "move",
          "cmd": "north",
          "label": "Cross Stepping Stones",
          "successor": "stepping-stones"
        }
      ]
    },
    {
      "id": "stepping-stones",
      "kind": "base",
      "title": "The Stepping Stones",
      "description": "You balance precariously on the wet stones. The water rushes loudly around you. Ahead to the North lies the overgrown bank of the Twolegplace.",
      "image_prompt": "Equirectangular 360° panorama, ultra coherent series look, subtle ethereal style cartoon, ink drawings with watercolor. POV from middle of river standing on a stone, rushing water all around, wooden fence visible on far bank. East is forward.",
      "actions": [
        {
          "type": "move",
          "cmd": "south",
          "label": "Return to Riverbank",
          "successor": "riverbank"
        },
        {
          "type": "move",
          "cmd": "north",
          "label": "Climb Bank to Garden",
          "successor": "abandoned-garden"
        }
      ]
    },
    {
      "id": "abandoned-garden",
      "kind": "base",
      "title": "Abandoned Twoleg Garden",
      "description": "An overgrown garden behind a wooden fence. It smells strange and musty. Weeds choke the stone paths. In the corner, near a crumbling wall, you see a patch of leafy green plants.",
      "image_prompt": "Equirectangular 360° panorama, ultra coherent series look, subtle ethereal style cartoon, ink drawings with watercolor. Overgrown garden, tall grass, wooden fences, crumbling brick wall, wild nature reclaiming a yard. East is forward.",
      "actions": [
        {
          "type": "move",
          "cmd": "south",
          "label": "Back to River",
          "successor": "stepping-stones"
        },
        {
          "type": "look",
          "cmd": "look plants",
          "label": "Inspect Green Patch",
          "overlayScene": "catmint-patch"
        }
      ]
    },
    {
      "id": "catmint-patch",
      "kind": "overlay",
      "title": "Patch of Catmint",
      "description": "You found it! Soft, fuzzy leaves with a strong, aromatic scent. This is the Catmint Dappledleaf needs.",
      "image_prompt": "Close up 2D image, subtle ethereal style cartoon, ink drawings with watercolor. A patch of catmint (nepeta) with soft grey-green leaves and small purple flowers growing among tall grass.",
      "actions": [
        {
          "type": "interact",
          "cmd": "take catmint",
          "label": "Harvest Catmint",
          "givesItem": "catmint",
          "closeOverlayOnSuccess": true
        },
        {
          "type": "look",
          "cmd": "back",
          "label": "Leave it",
          "closeOverlayOnSuccess": true
        }
      ]
    },
    {
      "id": "win-scene",
      "kind": "overlay",
      "title": "Mission Accomplished!",
      "description": "Dappledleaf purrs loudly as you drop the bundle of Catmint at her paws. 'You've saved Greypaw! You are a true warrior of RiverClan.' The clan will eat well tonight in your honor!",
      "image_prompt": "Close up 2D image, subtle ethereal style cartoon, ink drawings with watercolor. Dappledleaf looking happy and grateful, a pile of fresh catmint in the foreground, warm golden lighting.",
      "actions": [
        {
          "type": "move",
          "cmd": "restart",
          "label": "Rest in Den",
          "successor": "medicine-den",
          "closeOverlayOnSuccess": true
        }
      ]
    }
  ],
  "geminiKey": "AIzaSyDIC3nHLKlMGtNI_Dk7P77hc1BDsCm2vWc"
}