{
  "storyPrompt": "A hackathon called \"Platanus Hack 2025\" is being held in an abandoned floor of an office building results in bananas being found in odd places throughout the space. The main story is that there is a banana on the welcome desk in the lobby, and a note that says \"Find them all, and you'll be invited to the party on the roof!\" The lobby is connected to an office area, the office area is connected to a kitchen and a server room. The kitchen has a balcony.\"",
  "storyGoal": "Collect all bananas and end up at the rooftop. Bananas should only be visible in overlay images. The rooftop should include different scenes for if all bananas are not collected (not success) or if they are collected. \"",
  "globalStyle": "Photorealistic with subtle filmic grading, consistent lens and color palette. Images should be Light enough to see, but not bright.\nSoft moonlit shadows, mild atmospheric haze, physically based lighting.",
  "assetBase": "./assets",
  "imgExt": "jpg",
  "start": "lobby",
  "scenes": [
    {
      "id": "lobby",
      "kind": "base",
      "title": "The Lobby",
      "description": "You stand in the abandoned lobby of the Platanus building. Moonlight spills across the dusty marble floor. A lonely reception desk sits in the center, and a dark hallway leads North.",
      "image_prompt": "360 degree panorama. Photorealistic abandoned corporate lobby at night. Soft moonlit shadows, mild atmospheric haze. Marble floors, dusty reception desk in center. Glass doors to South, dark hallway to North. Cinematic lighting, physically based rendering.",
      "actions": [
        {
          "type": "look",
          "cmd": "look desk",
          "label": "Inspect Desk",
          "overlayScene": "lobby-desk"
        },
        {
          "type": "move",
          "cmd": "north",
          "label": "Enter Office Area",
          "successor": "office-area"
        }
      ]
    },
    {
      "id": "lobby-desk",
      "kind": "overlay",
      "title": "Reception Desk",
      "description": "On the dusty surface lies a bright yellow banana and a handwritten note: 'Find all 4 bananas to join the party on the roof!'",
      "image_prompt": "Close-up flat 2D image. Top-down view of a dusty reception desk surface. A handwritten note on paper says 'Find them all'. A bright yellow banana sits next to it. Photorealistic, filmic grading.",
      "actions": [
        {
          "type": "interact",
          "cmd": "take banana",
          "label": "Take Lobby Banana",
          "givesItem": "banana-lobby",
          "hiddenIfHas": [
            "banana-lobby"
          ]
        },
        {
          "type": "move",
          "cmd": "back",
          "label": "Leave",
          "closeOverlayOnSuccess": true
        }
      ]
    },
    {
      "id": "office-area",
      "kind": "base",
      "title": "Office Floor",
      "description": "Rows of empty cubicles stretch out in the gloom. To the West is a Kitchen. To the East, the hum of a Server Room. To the North, a stairwell leads up to the Roof.",
      "image_prompt": "360 degree panorama. Abandoned open-plan office at night. Rows of empty desks, computer monitors off. Moonlight filtering through blinds. Doorway to West (Kitchen), Doorway to East (Server Room), Stairwell door to North (Roof). Atmospheric haze, filmic style.",
      "actions": [
        {
          "type": "move",
          "cmd": "south",
          "label": "Back to Lobby",
          "successor": "lobby"
        },
        {
          "type": "move",
          "cmd": "west",
          "label": "Go to Kitchen",
          "successor": "kitchen"
        },
        {
          "type": "move",
          "cmd": "east",
          "label": "Go to Server Room",
          "successor": "server-room"
        },
        {
          "type": "move",
          "cmd": "north",
          "label": "Go to Roof",
          "successor": "roof-access"
        }
      ]
    },
    {
      "id": "kitchen",
      "kind": "base",
      "title": "Office Kitchen",
      "description": "A sleek, abandoned break room. The smell of stale coffee lingers. A balcony door stands open to the North. There is a fruit bowl on the counter.",
      "image_prompt": "360 degree panorama. Modern office kitchen at night. Stainless steel appliances, long counter. Open glass door to North showing a balcony. East is forward (back to office). Soft blue ambient light.",
      "actions": [
        {
          "type": "move",
          "cmd": "east",
          "label": "Return to Office",
          "successor": "office-area"
        },
        {
          "type": "move",
          "cmd": "north",
          "label": "Go to Balcony",
          "successor": "balcony"
        },
        {
          "type": "look",
          "cmd": "look counter",
          "label": "Inspect Counter",
          "overlayScene": "kitchen-counter"
        }
      ]
    },
    {
      "id": "kitchen-counter",
      "kind": "overlay",
      "title": "Kitchen Counter",
      "description": "Amongst empty coffee cups, a single fresh banana sits in a wire bowl.",
      "image_prompt": "Close-up flat 2D image. Kitchen counter surface with scattered ceramic mugs. A wire fruit bowl containing one yellow banana. Cinematic lighting, shallow depth of field.",
      "actions": [
        {
          "type": "interact",
          "cmd": "take banana",
          "label": "Take Kitchen Banana",
          "givesItem": "banana-kitchen",
          "hiddenIfHas": [
            "banana-kitchen"
          ]
        },
        {
          "type": "move",
          "cmd": "back",
          "label": "Back",
          "closeOverlayOnSuccess": true
        }
      ]
    },
    {
      "id": "balcony",
      "kind": "base",
      "title": "The Balcony",
      "description": "The cold night air hits you. The city skyline glows in the distance. A potted plant in the corner looks suspicious.",
      "image_prompt": "360 degree panorama. Rooftop balcony at night. City skyline bokeh in background. Concrete floor. A large potted plant in the corner. South is back to the kitchen. Photorealistic, cinematic night photography.",
      "actions": [
        {
          "type": "move",
          "cmd": "south",
          "label": "Back Inside",
          "successor": "kitchen"
        },
        {
          "type": "look",
          "cmd": "look plant",
          "label": "Inspect Plant",
          "overlayScene": "balcony-plant"
        }
      ]
    },
    {
      "id": "balcony-plant",
      "kind": "overlay",
      "title": "Potted Plant",
      "description": "Tucked behind the leaves of a plastic fern is a banana.",
      "image_prompt": "Close-up flat 2D image. Leaves of a large potted plant at night. A yellow banana is wedged between the branches. City lights blurred in background.",
      "actions": [
        {
          "type": "interact",
          "cmd": "take banana",
          "label": "Take Balcony Banana",
          "givesItem": "banana-balcony",
          "hiddenIfHas": [
            "banana-balcony"
          ]
        },
        {
          "type": "move",
          "cmd": "back",
          "label": "Back",
          "closeOverlayOnSuccess": true
        }
      ]
    },
    {
      "id": "server-room",
      "kind": "base",
      "title": "Server Room",
      "description": "The room is cold and noisy with the hum of fans. LED lights blink in the dark. One server rack has been left open.",
      "image_prompt": "360 degree panorama. Server room aisle. Rows of black server racks with blinking blue and green LEDs. Cables hanging loose. One rack door is ajar. West is exit back to office. Cyberpunk aesthetic, photorealistic.",
      "actions": [
        {
          "type": "move",
          "cmd": "west",
          "label": "Return to Office",
          "successor": "office-area"
        },
        {
          "type": "look",
          "cmd": "look rack",
          "label": "Inspect Open Rack",
          "overlayScene": "server-rack"
        }
      ]
    },
    {
      "id": "server-rack",
      "kind": "overlay",
      "title": "Open Server Rack",
      "description": "Someone has replaced a hard drive with a banana. It's resting on the cables.",
      "image_prompt": "Close-up flat 2D image. Interior of a server rack. Tangled ethernet cables and blinking hardware. A yellow banana is sitting on top of a switch. High contrast lighting.",
      "actions": [
        {
          "type": "interact",
          "cmd": "take banana",
          "label": "Take Server Banana",
          "givesItem": "banana-server",
          "hiddenIfHas": [
            "banana-server"
          ]
        },
        {
          "type": "move",
          "cmd": "back",
          "label": "Back",
          "closeOverlayOnSuccess": true
        }
      ]
    },
    {
      "id": "roof-access",
      "kind": "base",
      "title": "Roof Access Stairwell",
      "description": "You are at the top of the stairs. A heavy steel door blocks the way to the roof. A banana-shaped scanner is mounted on the wall.",
      "image_prompt": "360 degree panorama. Concrete stairwell landing. Industrial steel door with a high-tech scanner next to it. Red light glowing from the scanner. Shadows cast by stair railings. Photorealistic.",
      "actions": [
        {
          "type": "move",
          "cmd": "down",
          "label": "Go Downstairs",
          "successor": "office-area"
        },
        {
          "type": "move",
          "cmd": "enter party",
          "label": "Scan Bananas (Enter Party)",
          "successor": "roof-party",
          "requiredItems": [
            "banana-lobby",
            "banana-kitchen",
            "banana-balcony",
            "banana-server"
          ]
        },
        {
          "type": "move",
          "cmd": "try door",
          "label": "Try Door",
          "successor": "roof-locked",
          "hiddenIfHas": [
            "banana-lobby",
            "banana-kitchen",
            "banana-balcony",
            "banana-server"
          ]
        }
      ]
    },
    {
      "id": "roof-locked",
      "kind": "base",
      "title": "Access Denied",
      "description": "The scanner beeps angrily. You don't have enough potassium to enter the party. You need to find all 4 bananas.",
      "image_prompt": "360 degree panorama. Same stairwell landing, but the scanner light is flashing bright red. The steel door remains shut. Gloomy atmosphere.",
      "actions": [
        {
          "type": "move",
          "cmd": "back",
          "label": "Search for more Bananas",
          "successor": "office-area"
        }
      ]
    },
    {
      "id": "roof-party",
      "kind": "base",
      "title": "Platanus Hack Party!",
      "description": "Success! The door opens to a vibrant rooftop party. Developers are coding, music is playing, and there are bananas everywhere. You made it!",
      "image_prompt": "360 degree panorama. Rooftop party at night. String lights, DJ booth, people with laptops, inflatable bananas. City skyline in background. Vibrant colors, teal and orange grading, celebratory atmosphere. Photorealistic.",
      "actions": [
        {
          "type": "move",
          "cmd": "restart",
          "label": "Play Again",
          "successor": "lobby"
        }
      ]
    }
  ],
  "suggestedName": "platanus_hack_2025"
}