{
  "storyPrompt": "A warrior cat game following the theme of the Warrior cats series. This takes place in Riverclan territory - the medicine cat has lost his special herb and you have to help her find it!",
  "storyGoal": "Travel to find the herb and bring it back to the medicine cat.",
  "globalStyle": "Equirectangular 360° panorama, ultra coherent series look.\nsubtle ethereal style cartoon, ink drawings with watercolor",
  "assetBase": "./assets",
  "imgExt": "jpg",
  "start": "medicine-den",
  "scenes": [
    {
      "id": "medicine-den",
      "kind": "base",
      "title": "Medicine Cat's Den",
      "description": "The air is thick with the scent of dried thyme and poppy seeds. Mothwhisker, the RiverClan medicine cat, paces anxiously among the ferns. He looks at you with wide, worried eyes.",
      "image_prompt": "Interior of a cozy cave den formed by hanging ferns and mossy rocks. Bundles of dried herbs hang from the ceiling. Dappled sunlight filters through the entrance to the North. Subtle ethereal style cartoon, ink drawings with watercolor. Equirectangular 360 panorama. East is forward.",
      "actions": [
        {
          "type": "move",
          "cmd": "north",
          "label": "Exit to Riverbank",
          "successor": "riverbank"
        },
        {
          "type": "look",
          "cmd": "look mothwhisker",
          "label": "Talk to Mothwhisker",
          "overlayScene": "mothwhisker-dialogue"
        },
        {
          "type": "interact",
          "cmd": "give starflower",
          "label": "Give Starflower",
          "overlayScene": "win-scene",
          "requiredItems": [
            "starflower"
          ]
        }
      ]
    },
    {
      "id": "mothwhisker-dialogue",
      "kind": "overlay",
      "title": "Mothwhisker's Plea",
      "description": "\"Great StarClan!\" Mothwhisker meows. \"I've lost the Starflower. It's the only cure for the kit's fever. I think I dropped it near the Whispering Reeds, but the thorns are too thick for me to reach. Please, help me!\"",
      "image_prompt": "Close up portrait of a worried grey tabby cat with amber eyes, surrounded by drying herbs. Ink drawings with watercolor style.",
      "parentScene": "medicine-den",
      "actions": [
        {
          "type": "move",
          "cmd": "back",
          "label": "I'll find it!",
          "closeOverlayOnSuccess": true
        }
      ]
    },
    {
      "id": "riverbank",
      "kind": "base",
      "title": "The Riverbank",
      "description": "The river rushes by, glistening under the sun. To the North, wet stepping stones lead across the water to the tall Reed Beds. To the West, an ancient Willow Tree dips its branches into the stream. The Medicine Den is back South.",
      "image_prompt": "RiverClan territory riverbank. Sparkling blue water flowing fast. Slippery stones leading across. A giant willow tree to the left. Tall reeds in the distance. Subtle ethereal style cartoon, ink drawings with watercolor. Equirectangular 360 panorama. East is forward.",
      "actions": [
        {
          "type": "move",
          "cmd": "south",
          "label": "Return to Den",
          "successor": "medicine-den"
        },
        {
          "type": "move",
          "cmd": "north",
          "label": "Cross to Reeds",
          "successor": "reed-beds"
        },
        {
          "type": "move",
          "cmd": "west",
          "label": "Go to Willow Tree",
          "successor": "willow-tree"
        }
      ]
    },
    {
      "id": "willow-tree",
      "kind": "base",
      "title": "Ancient Willow",
      "description": "The massive roots of the willow tree twist into the muddy bank. The air is cooler here. You spot some drift-wood tangled in the roots.",
      "image_prompt": "Underneath a giant weeping willow tree. Hanging leaves create a green curtain. Twisted roots expose wet mud. River to the East. Subtle ethereal style cartoon, ink drawings with watercolor. Equirectangular 360 panorama. East is forward.",
      "actions": [
        {
          "type": "move",
          "cmd": "east",
          "label": "Back to Riverbank",
          "successor": "riverbank"
        },
        {
          "type": "look",
          "cmd": "look roots",
          "label": "Inspect Roots",
          "overlayScene": "willow-roots"
        }
      ]
    },
    {
      "id": "willow-roots",
      "kind": "overlay",
      "title": "Tangled Roots",
      "description": "Among the muddy roots, you see a loose, sturdy branch that has washed ashore. It looks strong enough to push aside heavy obstacles.",
      "image_prompt": "Close up of muddy tree roots. A sturdy, straight wooden branch lies on the mud. Ink drawings with watercolor style.",
      "parentScene": "willow-tree",
      "actions": [
        {
          "type": "interact",
          "cmd": "take branch",
          "label": "Take Sturdy Branch",
          "givesItem": "sturdy-branch",
          "hiddenIfHas": [
            "sturdy-branch"
          ]
        },
        {
          "type": "move",
          "cmd": "back",
          "label": "Leave",
          "closeOverlayOnSuccess": true
        }
      ]
    },
    {
      "id": "reed-beds",
      "kind": "base",
      "title": "The Whispering Reeds",
      "description": "The reeds tower over your head, rustling in the wind. It is easy to get lost here. In the center of a clearing, you see a glowing blue flower protected by a dense wall of sharp brambles.",
      "image_prompt": "Inside a dense marsh of tall green reeds. The sky is barely visible above. A patch of nasty sharp brambles blocks a small clearing ahead. Subtle ethereal style cartoon, ink drawings with watercolor. Equirectangular 360 panorama. East is forward.",
      "actions": [
        {
          "type": "move",
          "cmd": "south",
          "label": "Cross back to Riverbank",
          "successor": "riverbank"
        },
        {
          "type": "look",
          "cmd": "look brambles",
          "label": "Inspect Brambles",
          "overlayScene": "bramble-patch"
        }
      ]
    },
    {
      "id": "bramble-patch",
      "kind": "overlay",
      "title": "Thorny Brambles",
      "description": "Sharp thorns block your path. You can see the Starflower just beyond them, but you cannot reach it with your paws without getting hurt. You need something to push the thorns aside.",
      "image_prompt": "Close up of sharp, dark thorny vines. Through a small gap, a glowing blue star-shaped flower is visible. Ink drawings with watercolor style.",
      "parentScene": "reed-beds",
      "actions": [
        {
          "type": "interact",
          "cmd": "use branch",
          "label": "Use Branch on Thorns",
          "requiredItems": [
            "sturdy-branch"
          ],
          "hiddenIfHas": [
            "starflower"
          ],
          "givesItem": "starflower"
        },
        {
          "type": "move",
          "cmd": "back",
          "label": "Back",
          "closeOverlayOnSuccess": true
        }
      ]
    },
    {
      "id": "win-scene",
      "kind": "overlay",
      "title": "Mission Accomplished!",
      "description": "Mothwhisker's eyes light up as you drop the Starflower at his paws. \"You found it! The kit will be saved. You are a true credit to RiverClan.\" You purr with pride.",
      "image_prompt": "A happy medicine cat smiling, holding a glowing blue flower. Warm, golden lighting. Ink drawings with watercolor style.",
      "parentScene": "medicine-den",
      "actions": []
    }
  ],
  "suggestedName": "riverclan_remedy"
}